{
  "files": [
    {
      "filepath": "E:/AI/LifeProj/asset-dashboard-tauri/src/lib/perf.bench.ts",
      "groups": [
        {
          "fullName": "src/lib/perf.bench.ts > calc 熱路徑基準（60持倉/10現金/3000交易/1825快照）",
          "benchmarks": [
            {
              "id": "-421995795_0_0",
              "name": "totalAssetsTwd",
              "rank": 1,
              "rme": 0.4558502997515004,
              "samples": [],
              "totalTime": 500.00010000005443,
              "min": 0.0001999999999497959,
              "max": 0.4689000000000192,
              "hz": 3692105.261578546,
              "period": 0.00027084818258200303,
              "mean": 0.00027084818258200303,
              "variance": 7.325349728089303e-7,
              "sd": 0.0008558825695204514,
              "sem": 6.299297204956897e-7,
              "df": 1846052,
              "critical": 1.96,
              "moe": 0.0000012346622521715518,
              "p75": 0.0003000000000383807,
              "p99": 0.0005999999999630745,
              "p995": 0.0006000000000199179,
              "p999": 0.0009000000000014552,
              "sampleCount": 1846053,
              "median": 0.00020000000017716957
            },
            {
              "id": "-421995795_0_1",
              "name": "categorySummaries",
              "rank": 3,
              "rme": 0.3128406304183684,
              "samples": [],
              "totalTime": 500.00210000002676,
              "min": 0.0033999999996012775,
              "max": 0.31510000000002947,
              "hz": 269540.8679283403,
              "period": 0.003710012539789916,
              "mean": 0.003710012539789916,
              "variance": 0.000004725865616077022,
              "sd": 0.002173905613424148,
              "sem": 0.000005921646233713926,
              "df": 134770,
              "critical": 1.96,
              "moe": 0.000011606426618079293,
              "p75": 0.0036000000000058208,
              "p99": 0.007699999999658758,
              "p995": 0.016599999999925785,
              "p999": 0.027700000000095315,
              "sampleCount": 134771,
              "median": 0.003500000000030923
            },
            {
              "id": "-421995795_0_2",
              "name": "rebalanceRows",
              "rank": 4,
              "rme": 0.6078580345019741,
              "samples": [],
              "totalTime": 500.0006000000576,
              "min": 0.00709999999980937,
              "max": 0.4655999999999949,
              "hz": 120767.85507856001,
              "period": 0.008280349099100052,
              "mean": 0.008280349099100052,
              "variance": 0.000039820925794364186,
              "sd": 0.006310382380994371,
              "sem": 0.000025679983308005867,
              "df": 60383,
              "critical": 1.96,
              "moe": 0.0000503327672836915,
              "p75": 0.007799999999861029,
              "p99": 0.02260000000023865,
              "p995": 0.02719999999999345,
              "p999": 0.04320000000006985,
              "sampleCount": 60384,
              "median": 0.007500000000163709
            },
            {
              "id": "-421995795_0_3",
              "name": "categoryDrillDown(core)",
              "rank": 2,
              "rme": 0.6377907986649043,
              "samples": [],
              "totalTime": 500.0004000000904,
              "min": 0.0011999999996987754,
              "max": 0.5614000000000487,
              "hz": 651363.4789090991,
              "period": 0.0015352411247784353,
              "mean": 0.0015352411247784353,
              "variance": 0.000008128142395515458,
              "sd": 0.0028509897220992324,
              "sem": 0.000004995727873039001,
              "df": 325681,
              "critical": 1.96,
              "moe": 0.000009791626631156442,
              "p75": 0.0014000000001033186,
              "p99": 0.0031000000003587047,
              "p995": 0.004700000000411819,
              "p999": 0.018700000000080763,
              "sampleCount": 325682,
              "median": 0.0014000000001033186
            },
            {
              "id": "-421995795_0_4",
              "name": "computeNewMoneyAllocation",
              "rank": 5,
              "rme": 0.5698504390231667,
              "samples": [],
              "totalTime": 500.00720000005776,
              "min": 0.015499999999974534,
              "max": 0.5268000000005486,
              "hz": 58133.162882447774,
              "period": 0.017201885299482498,
              "mean": 0.017201885299482498,
              "variance": 0.0000727046080191889,
              "sd": 0.008526699714378881,
              "sem": 0.00005001276474457274,
              "df": 29066,
              "critical": 1.96,
              "moe": 0.00009802501889936258,
              "p75": 0.016300000000228465,
              "p99": 0.03780000000006112,
              "p995": 0.04539999999997235,
              "p999": 0.07340000000021973,
              "sampleCount": 29067,
              "median": 0.016000000000076398
            },
            {
              "id": "-421995795_0_5",
              "name": "computeTWR",
              "rank": 6,
              "rme": 0.9295919194830767,
              "samples": [],
              "totalTime": 513.3200000000006,
              "min": 22.67320000000018,
              "max": 24.685699999999997,
              "hz": 42.858256058598876,
              "period": 23.3327272727273,
              "mean": 23.3327272727273,
              "variance": 0.23922782969699283,
              "sd": 0.4891092206215221,
              "sem": 0.10427843621264282,
              "df": 21,
              "critical": 2.08,
              "moe": 0.21689914732229706,
              "p75": 23.704899999999725,
              "p99": 24.685699999999997,
              "p995": 24.685699999999997,
              "p999": 24.685699999999997,
              "sampleCount": 22,
              "median": 23.25559999999996
            }
          ]
        }
      ]
    }
  ]
}